Date,Time,Title Job,Job ID,Title,Hebrew Title,Link
2025-07-13,21:51:32,student,Job 1,Signal and Power Integrity Student,סטודנט של יושרה של איתות וכוח,https://nvidia.wd5.myworkdayjobs.com/en-US/NVIDIAExternalCareerSite/job/Israel-Yokneam/Signal-and-Power-Integrity-Student_JR1992131?q=student&locations=970bf8c909a701c749f87bdcd4008607
2025-07-13,21:51:32,student,Job 2,Senior Tools Engineer,מהנדס כלים בכיר,https://nvidia.wd5.myworkdayjobs.com/en-US/NVIDIAExternalCareerSite/job/Israel-Yokneam/Senior-Tools-Engineer_JR1998549-1?q=student&locations=970bf8c909a701c749f87bdcd4008607
,,,,,,
2025-07-13,21:51:42,intern,Job 1,Signal and Power Integrity Student,סטודנט של יושרה של איתות וכוח,https://nvidia.wd5.myworkdayjobs.com/en-US/NVIDIAExternalCareerSite/job/Israel-Yokneam/Signal-and-Power-Integrity-Student_JR1992131?q=intern&locations=970bf8c909a701c749f87bdcd4008607
2025-07-13,21:51:42,intern,Job 2,Senior Software and DevOps Development Engineer,מהנדס פיתוח תוכנה ובכירה של DevOps,https://nvidia.wd5.myworkdayjobs.com/en-US/NVIDIAExternalCareerSite/job/Israel-Yokneam/Senior-Software-and-DevOps-Development-Engineer_JR1999761?q=intern&locations=970bf8c909a701c749f87bdcd4008607
2025-07-13,21:51:43,intern,Job 3,"Senior Manager, IC Test Labs","מנהל בכיר, מעבדות מבחן IC",https://nvidia.wd5.myworkdayjobs.com/en-US/NVIDIAExternalCareerSite/job/Israel-Yokneam/Senior-Manager--Production-Infrastructure-Equipment_JR1996202?q=intern&locations=970bf8c909a701c749f87bdcd4008607
2025-07-13,21:51:43,intern,Job 4,Senior Hardware Engineer – Ethernet Switch,מהנדס חומרה בכיר - מתג Ethernet,https://nvidia.wd5.myworkdayjobs.com/en-US/NVIDIAExternalCareerSite/job/Israel-Yokneam/Senior-Hardware-Engineer---Ethernet-Switch_JR1998448?q=intern&locations=970bf8c909a701c749f87bdcd4008607
2025-07-13,21:51:45,intern,Job 5,Lab Infrastructure and Integrated Systems Engineer,תשתיות מעבדה ומהנדס מערכות משולבות,https://nvidia.wd5.myworkdayjobs.com/en-US/NVIDIAExternalCareerSite/job/Israel-Yokneam/Lab-Infrastructure-and-Integrated-Systems-Engineer_JR1998193?q=intern&locations=970bf8c909a701c749f87bdcd4008607
2025-07-13,21:51:45,intern,Job 6,Senior Quality and Reliability Engineer,מהנדס איכות ואמינות בכיר,https://nvidia.wd5.myworkdayjobs.com/en-US/NVIDIAExternalCareerSite/job/Israel-Yokneam/Senior-Quality-and-Reliability-Engineer_JR1998178?q=intern&locations=970bf8c909a701c749f87bdcd4008607
2025-07-13,21:51:45,intern,Job 7,"Senior Customer Program Manager, AI Datacenter","מנהל תכנית לקוחות בכיר, מרכז נתונים AI",https://nvidia.wd5.myworkdayjobs.com/en-US/NVIDIAExternalCareerSite/job/Israel-Tel-Aviv/Senior-Customer-Program-Manager--AI-Datacenter_JR1998662-1?q=intern&locations=970bf8c909a701c749f87bdcd4008607
2025-07-13,21:51:46,intern,Job 8,"Senior Customer Program Manager, AI Datacenter","מנהל תכנית לקוחות בכיר, מרכז נתונים AI",https://nvidia.wd5.myworkdayjobs.com/en-US/NVIDIAExternalCareerSite/job/Israel-Tel-Aviv/Senior-Customer-Program-Manager--AI-Datacenter_JR1998663-1?q=intern&locations=970bf8c909a701c749f87bdcd4008607
2025-07-13,21:51:46,intern,Job 9,Senior HPC AI Cluster Engineer,מהנדס אשכול בכיר HPC AI,https://nvidia.wd5.myworkdayjobs.com/en-US/NVIDIAExternalCareerSite/job/Israel-Yokneam/Senior-HPC-AI-Engineer_JR1983627?q=intern&locations=970bf8c909a701c749f87bdcd4008607
2025-07-13,21:51:46,intern,Job 10,VLSI CAD Engineer,מהנדס VLSI CAD,https://nvidia.wd5.myworkdayjobs.com/en-US/NVIDIAExternalCareerSite/job/Israel-Yokneam/VLSI-CAD-Engineer_JR1998301-1?q=intern&locations=970bf8c909a701c749f87bdcd4008607
2025-07-13,21:51:47,intern,Job 11,Senior System Validation Infrastructure Developer,מפתח תשתיות אימות מערכות בכיר,https://nvidia.wd5.myworkdayjobs.com/en-US/NVIDIAExternalCareerSite/job/Israel-Yokneam/Senior-System-Validation-Infrastructure-Developer_JR1998740?q=intern&locations=970bf8c909a701c749f87bdcd4008607
2025-07-13,21:51:47,intern,Job 12,Senior Networking Security Research Architect,אדריכל מחקרי אבטחה בכיר ברשת,https://nvidia.wd5.myworkdayjobs.com/en-US/NVIDIAExternalCareerSite/job/Israel-Tel-Aviv/Senior-Networking-Security-Research-Architect_JR1993170-1?q=intern&locations=970bf8c909a701c749f87bdcd4008607
2025-07-13,21:51:48,intern,Job 13,Senior Chip NPI & MP Manufacturing Controller,בקר בכיר NPI ו- MP,https://nvidia.wd5.myworkdayjobs.com/en-US/NVIDIAExternalCareerSite/job/Israel-Yokneam/Senior-Chip-NPI---MP-Manufacturing-Controller_JR1999408?q=intern&locations=970bf8c909a701c749f87bdcd4008607
2025-07-13,21:51:48,intern,Job 14,Senior Power U-Architect,ארכיטקט U-ארכיטקטור בכוח בכיר,https://nvidia.wd5.myworkdayjobs.com/en-US/NVIDIAExternalCareerSite/job/Israel-Tel-Aviv/Power-U-Architect_JR1998014?q=intern&locations=970bf8c909a701c749f87bdcd4008607
2025-07-13,21:51:48,intern,Job 15,DFT Engineer,מהנדס DFT,https://nvidia.wd5.myworkdayjobs.com/en-US/NVIDIAExternalCareerSite/job/Israel-Tel-Aviv/DFT-Engineer_JR1998057-1?q=intern&locations=970bf8c909a701c749f87bdcd4008607
2025-07-13,21:51:48,intern,Job 16,Senior DFT Engineer,מהנדס DFT בכיר,https://nvidia.wd5.myworkdayjobs.com/en-US/NVIDIAExternalCareerSite/job/Israel-Tel-Aviv/Senior-DFT-Engineer_JR1998056?q=intern&locations=970bf8c909a701c749f87bdcd4008607
2025-07-13,21:51:49,intern,Job 17,Senior Embedded SW Engineer,מהנדס SW משובץ בכיר,https://nvidia.wd5.myworkdayjobs.com/en-US/NVIDIAExternalCareerSite/job/Israel-Yokneam/Senior-Embedded-SW-Engineer_JR1999330?q=intern&locations=970bf8c909a701c749f87bdcd4008607
2025-07-13,21:51:50,intern,Job 18,"Senior DFT Engineer, ATPG","מהנדס DFT בכיר, ATPG",https://nvidia.wd5.myworkdayjobs.com/en-US/NVIDIAExternalCareerSite/job/Israel-Tel-Aviv/Senior-DFT-Engineer--ATPG_JR1988968?q=intern&locations=970bf8c909a701c749f87bdcd4008607
2025-07-13,21:51:50,intern,Job 19,"Senior Customer Program Manager, AI Datacenter","מנהל תכנית לקוחות בכיר, מרכז נתונים AI",https://nvidia.wd5.myworkdayjobs.com/en-US/NVIDIAExternalCareerSite/job/Israel-Tel-Aviv/Senior-Customer-Program-Manager--AI-Datacenter_JR1994183?q=intern&locations=970bf8c909a701c749f87bdcd4008607
2025-07-13,21:51:52,intern,Job 20,DFT ATPG Engineer,מהנדס DFT ATPG,https://nvidia.wd5.myworkdayjobs.com/en-US/NVIDIAExternalCareerSite/job/Israel-Yokneam/DFT-ATPG-Engineer_JR1998055?q=intern&locations=970bf8c909a701c749f87bdcd4008607
,,,,,,
2025-07-13,21:52:02,data,Job 1,Senior Data Scientist and System Architect,מדען נתונים בכיר ואדריכל מערכות,https://nvidia.wd5.myworkdayjobs.com/en-US/NVIDIAExternalCareerSite/job/Israel-Yokneam/Senior-Data-Scientist-and-System-Architect_JR1996660?q=data&locations=970bf8c909a701c749f87bdcd4008607
2025-07-13,21:52:03,data,Job 2,HPC and AI Data Center Engineer,מהנדס מרכז הנתונים של HPC ו- AI,https://nvidia.wd5.myworkdayjobs.com/en-US/NVIDIAExternalCareerSite/job/Israel-Yokneam/HPC-and-AI-Data-Center-Engineer_JR1999592?q=data&locations=970bf8c909a701c749f87bdcd4008607
2025-07-13,21:52:03,data,Job 3,"Senior Customer Program Manager, AI Datacenter","מנהל תכנית לקוחות בכיר, מרכז נתונים AI",https://nvidia.wd5.myworkdayjobs.com/en-US/NVIDIAExternalCareerSite/job/Israel-Tel-Aviv/Senior-Customer-Program-Manager--AI-Datacenter_JR1994183?q=data&locations=970bf8c909a701c749f87bdcd4008607
2025-07-13,21:52:03,data,Job 4,"Senior Customer Program Manager, AI Datacenter","מנהל תכנית לקוחות בכיר, מרכז נתונים AI",https://nvidia.wd5.myworkdayjobs.com/en-US/NVIDIAExternalCareerSite/job/Israel-Tel-Aviv/Senior-Customer-Program-Manager--AI-Datacenter_JR1998662-1?q=data&locations=970bf8c909a701c749f87bdcd4008607
2025-07-13,21:52:04,data,Job 5,"Senior Customer Program Manager, AI Datacenter","מנהל תכנית לקוחות בכיר, מרכז נתונים AI",https://nvidia.wd5.myworkdayjobs.com/en-US/NVIDIAExternalCareerSite/job/Israel-Tel-Aviv/Senior-Customer-Program-Manager--AI-Datacenter_JR1998663-1?q=data&locations=970bf8c909a701c749f87bdcd4008607
2025-07-13,21:52:04,data,Job 6,Senior System Product Engineer,מהנדס מוצרי מערכת בכיר,https://nvidia.wd5.myworkdayjobs.com/en-US/NVIDIAExternalCareerSite/job/Israel-Yokneam/Senior-System-Product-Engineer_JR1997709?q=data&locations=970bf8c909a701c749f87bdcd4008607
2025-07-13,21:52:04,data,Job 7,Senior Software Engineer,מהנדס תוכנה בכיר,https://nvidia.wd5.myworkdayjobs.com/en-US/NVIDIAExternalCareerSite/job/Israel-Tel-Aviv/Senior-Software-Engineer_JR1986384?q=data&locations=970bf8c909a701c749f87bdcd4008607
2025-07-13,21:52:04,data,Job 8,Senior ML Engineer,מהנדס ML בכיר,https://nvidia.wd5.myworkdayjobs.com/en-US/NVIDIAExternalCareerSite/job/Israel-Yokneam/Senior-ML-Engineer_JR1993435?q=data&locations=970bf8c909a701c749f87bdcd4008607
2025-07-13,21:52:05,data,Job 9,Senior Thermal Validation Engineer,מהנדס אימות תרמי בכיר,https://nvidia.wd5.myworkdayjobs.com/en-US/NVIDIAExternalCareerSite/job/Israel-Yokneam/Senior-Thermal-Validation-Engineer_JR1998654?q=data&locations=970bf8c909a701c749f87bdcd4008607
2025-07-13,21:52:05,data,Job 10,Senior VLSI CAD and AI Automation Engineer,מהנדס אוטומציה של VLSI CAD ו- AI,https://nvidia.wd5.myworkdayjobs.com/en-US/NVIDIAExternalCareerSite/job/Israel-Yokneam/Senior-VLSI-CAD-and-AI-Automation-Engineer_JR1997583?q=data&locations=970bf8c909a701c749f87bdcd4008607
2025-07-13,21:52:05,data,Job 11,Senior GTM Program Manager,מנהל תכנית בכיר ב- GTM,https://nvidia.wd5.myworkdayjobs.com/en-US/NVIDIAExternalCareerSite/job/Israel-Yokneam/Senior-GTM-Program-Manager_JR1995613-1?q=data&locations=970bf8c909a701c749f87bdcd4008607
2025-07-13,21:52:06,data,Job 12,"Senior Board Design Engineer, Sustain","מהנדס תכנון דירקטוריון בכיר, לקיים",https://nvidia.wd5.myworkdayjobs.com/en-US/NVIDIAExternalCareerSite/job/Israel-Yokneam/Senior-Board-Design-Engineer--Sustain_JR1998657?q=data&locations=970bf8c909a701c749f87bdcd4008607
2025-07-13,21:52:07,data,Job 13,Senior Network Test Engineer,מהנדס בדיקות רשת בכיר,https://nvidia.wd5.myworkdayjobs.com/en-US/NVIDIAExternalCareerSite/job/Israel-Yokneam/Senior-Network-Test-Engineer_JR1999033?q=data&locations=970bf8c909a701c749f87bdcd4008607
2025-07-13,21:52:07,data,Job 14,Senior Board Design Hardware Engineer,מהנדס חומרי חומרה בכיר לעיצוב מועצה,https://nvidia.wd5.myworkdayjobs.com/en-US/NVIDIAExternalCareerSite/job/Israel-Raanana/Senior-Board-Design-Hardware-Engineer_JR1995098?q=data&locations=970bf8c909a701c749f87bdcd4008607
2025-07-13,21:52:07,data,Job 15,Senior Power U-Architect,ארכיטקט U-ארכיטקטור בכוח בכיר,https://nvidia.wd5.myworkdayjobs.com/en-US/NVIDIAExternalCareerSite/job/Israel-Tel-Aviv/Power-U-Architect_JR1998014?q=data&locations=970bf8c909a701c749f87bdcd4008607
2025-07-13,21:52:08,data,Job 16,Senior Reliability Engineer,מהנדס אמינות בכיר,https://nvidia.wd5.myworkdayjobs.com/en-US/NVIDIAExternalCareerSite/job/Israel-Yokneam/Senior-Reliability-Engineer_JR1995152?q=data&locations=970bf8c909a701c749f87bdcd4008607
2025-07-13,21:52:08,data,Job 17,Senior Firmware Engineer,מהנדס קושחה בכיר,https://nvidia.wd5.myworkdayjobs.com/en-US/NVIDIAExternalCareerSite/job/Israel-Yokneam/Senior-Firmware-Engineer_JR1999095?q=data&locations=970bf8c909a701c749f87bdcd4008607
2025-07-13,21:52:08,data,Job 18,Senior Tools Engineer,מהנדס כלים בכיר,https://nvidia.wd5.myworkdayjobs.com/en-US/NVIDIAExternalCareerSite/job/Israel-Yokneam/Senior-Tools-Engineer_JR1998549-1?q=data&locations=970bf8c909a701c749f87bdcd4008607
2025-07-13,21:52:09,data,Job 19,Senior Firmware Engineer,מהנדס קושחה בכיר,https://nvidia.wd5.myworkdayjobs.com/en-US/NVIDIAExternalCareerSite/job/Israel-Tel-Aviv/Senior-Firmware-Engineer_JR1999003?q=data&locations=970bf8c909a701c749f87bdcd4008607
2025-07-13,21:52:10,data,Job 20,"Software Engineer, DOCA","תוכנת מהנדסת, מזח",https://nvidia.wd5.myworkdayjobs.com/en-US/NVIDIAExternalCareerSite/job/Israel-Yokneam/Software-Engineer--DOCA_JR1999755?q=data&locations=970bf8c909a701c749f87bdcd4008607
,,,,,,
2025-07-13,21:52:21,ai,Job 1,Senior AI Safety Researcher,חוקר בטיחות בכיר ב- AI,https://nvidia.wd5.myworkdayjobs.com/en-US/NVIDIAExternalCareerSite/job/Israel-Tel-Aviv/AI-Safety-Researcher_JR1997755?q=ai&locations=970bf8c909a701c749f87bdcd4008607
2025-07-13,21:52:21,ai,Job 2,Senior HPC AI Cluster Engineer,מהנדס אשכול בכיר HPC AI,https://nvidia.wd5.myworkdayjobs.com/en-US/NVIDIAExternalCareerSite/job/Israel-Yokneam/Senior-HPC-AI-Engineer_JR1983627?q=ai&locations=970bf8c909a701c749f87bdcd4008607
2025-07-13,21:52:22,ai,Job 3,Senior AI Networking Optimizations Architect,אדריכל אופטימיזציות ברשת בכיר ב- AI,https://nvidia.wd5.myworkdayjobs.com/en-US/NVIDIAExternalCareerSite/job/Israel-Yokneam/Senior-AI-Networking-Optimizations-Architect_JR1997699?q=ai&locations=970bf8c909a701c749f87bdcd4008607
2025-07-13,21:52:22,ai,Job 4,Senior AI Storage Software Architect,אדריכל תוכנת אחסון בכיר ב- AI,https://nvidia.wd5.myworkdayjobs.com/en-US/NVIDIAExternalCareerSite/job/Israel-Raanana/Senior-AI-Storage-Software-Architect_JR1997866?q=ai&locations=970bf8c909a701c749f87bdcd4008607
2025-07-13,21:52:22,ai,Job 5,"Senior Software Architect, AI Cloud","אדריכל תוכנה בכיר, AI Cloud",https://nvidia.wd5.myworkdayjobs.com/en-US/NVIDIAExternalCareerSite/job/Israel-Tel-Aviv/Senior-Software-Architect--AI-Cloud-Infrastructure_JR1998545?q=ai&locations=970bf8c909a701c749f87bdcd4008607
2025-07-13,21:52:23,ai,Job 6,Senior AI System Security Architect - Networking,אדריכל אבטחת מערכות AI בכיר - רשת,https://nvidia.wd5.myworkdayjobs.com/en-US/NVIDIAExternalCareerSite/job/Israel-Tel-Aviv/Senior-AI-System-Security-Architect---Networking_JR1994508?q=ai&locations=970bf8c909a701c749f87bdcd4008607
2025-07-13,21:52:23,ai,Job 7,"Senior Customer Program Manager, AI Datacenter","מנהל תכנית לקוחות בכיר, מרכז נתונים AI",https://nvidia.wd5.myworkdayjobs.com/en-US/NVIDIAExternalCareerSite/job/Israel-Tel-Aviv/Senior-Customer-Program-Manager--AI-Datacenter_JR1994183?q=ai&locations=970bf8c909a701c749f87bdcd4008607
2025-07-13,21:52:23,ai,Job 8,HPC and AI Data Center Engineer,מהנדס מרכז הנתונים של HPC ו- AI,https://nvidia.wd5.myworkdayjobs.com/en-US/NVIDIAExternalCareerSite/job/Israel-Yokneam/HPC-and-AI-Data-Center-Engineer_JR1999592?q=ai&locations=970bf8c909a701c749f87bdcd4008607
2025-07-13,21:52:23,ai,Job 9,"Senior Customer Program Manager, AI Datacenter","מנהל תכנית לקוחות בכיר, מרכז נתונים AI",https://nvidia.wd5.myworkdayjobs.com/en-US/NVIDIAExternalCareerSite/job/Israel-Tel-Aviv/Senior-Customer-Program-Manager--AI-Datacenter_JR1998662-1?q=ai&locations=970bf8c909a701c749f87bdcd4008607
2025-07-13,21:52:24,ai,Job 10,"Senior Customer Program Manager, AI Datacenter","מנהל תכנית לקוחות בכיר, מרכז נתונים AI",https://nvidia.wd5.myworkdayjobs.com/en-US/NVIDIAExternalCareerSite/job/Israel-Tel-Aviv/Senior-Customer-Program-Manager--AI-Datacenter_JR1998663-1?q=ai&locations=970bf8c909a701c749f87bdcd4008607
2025-07-13,21:52:24,ai,Job 11,Senior VLSI CAD and AI Automation Engineer,מהנדס אוטומציה של VLSI CAD ו- AI,https://nvidia.wd5.myworkdayjobs.com/en-US/NVIDIAExternalCareerSite/job/Israel-Yokneam/Senior-VLSI-CAD-and-AI-Automation-Engineer_JR1997583?q=ai&locations=970bf8c909a701c749f87bdcd4008607
2025-07-13,21:52:24,ai,Job 12,Continuous Bring Up Solution Architect - NVIS,אדריכל הפתרונות המתמשך - NVIS,https://nvidia.wd5.myworkdayjobs.com/en-US/NVIDIAExternalCareerSite/job/Israel-Tel-Aviv/Continuous-Bring-Up-Solution-Architect---NVIS_JR1996791?q=ai&locations=970bf8c909a701c749f87bdcd4008607
2025-07-13,21:52:24,ai,Job 13,"Senior Software Architect, Advanced Development","אדריכל תוכנה בכיר, פיתוח מתקדם",https://nvidia.wd5.myworkdayjobs.com/en-US/NVIDIAExternalCareerSite/job/Israel-Yokneam/Senior-Software-Architect--Advanced-Development_JR1998551?q=ai&locations=970bf8c909a701c749f87bdcd4008607
2025-07-13,21:52:25,ai,Job 14,Senior Firmware PCIe Application Engineer,מהנדס יישומי PCIE בכירים ב- PCIE,https://nvidia.wd5.myworkdayjobs.com/en-US/NVIDIAExternalCareerSite/job/Israel-Yokneam/Senior-Firmware-PCIe-Application-Engineer_JR1999281?q=ai&locations=970bf8c909a701c749f87bdcd4008607
2025-07-13,21:52:25,ai,Job 15,"Senior Software Architect, Accelerated Computing SDN","אדריכל תוכנה בכיר, SDN מחשוב מואץ",https://nvidia.wd5.myworkdayjobs.com/en-US/NVIDIAExternalCareerSite/job/Israel-Tel-Aviv/Senior-Software-Architect--Accelerated-Computing-SDN_JR1985933?q=ai&locations=970bf8c909a701c749f87bdcd4008607
2025-07-13,21:52:25,ai,Job 16,"Director, Hardware Architecture",מנהל ארכיטקטורת חומרה,https://nvidia.wd5.myworkdayjobs.com/en-US/NVIDIAExternalCareerSite/job/Israel-Raanana/Director--Hardware-Architecture_JR1997410?q=ai&locations=970bf8c909a701c749f87bdcd4008607
2025-07-13,21:52:25,ai,Job 17,Senior Performance Analysis Engineer,מהנדס ניתוח ביצועים בכיר,https://nvidia.wd5.myworkdayjobs.com/en-US/NVIDIAExternalCareerSite/job/Israel-Yokneam/Senior-Performance-Analysis-Engineer_JR1998088?q=ai&locations=970bf8c909a701c749f87bdcd4008607
2025-07-13,21:52:26,ai,Job 18,Senior Data Scientist and System Architect,מדען נתונים בכיר ואדריכל מערכות,https://nvidia.wd5.myworkdayjobs.com/en-US/NVIDIAExternalCareerSite/job/Israel-Yokneam/Senior-Data-Scientist-and-System-Architect_JR1996660?q=ai&locations=970bf8c909a701c749f87bdcd4008607
2025-07-13,21:52:26,ai,Job 19,Network Modeling Architect,אדריכל דוגמנות רשת,https://nvidia.wd5.myworkdayjobs.com/en-US/NVIDIAExternalCareerSite/job/Israel-Tel-Aviv/Network-Modeling-Architect_JR1998167?q=ai&locations=970bf8c909a701c749f87bdcd4008607
2025-07-13,21:52:26,ai,Job 20,Senior Networking Serdes Application Engineer,מהנדס יישומי SERDES בכיר ברשת,https://nvidia.wd5.myworkdayjobs.com/en-US/NVIDIAExternalCareerSite/job/Israel-Yokneam/Senior-Networking-Serdes-Application-Engineer_JR1998240?q=ai&locations=970bf8c909a701c749f87bdcd4008607
,,,,,,
2025-07-13,21:52:37,deep,Job 1,Senior Software Architect - Deep Learning and HPC Communications,אדריכל תוכנה בכיר - למידה עמוקה ותקשורת HPC,https://nvidia.wd5.myworkdayjobs.com/en-US/NVIDIAExternalCareerSite/job/Israel-Tel-Aviv/Senior-Software-Architect---Deep-Learning-and-HPC-Communications_JR1998164?q=deep&locations=970bf8c909a701c749f87bdcd4008607
2025-07-13,21:52:38,deep,Job 2,STA Engineer,מהנדס STA,https://nvidia.wd5.myworkdayjobs.com/en-US/NVIDIAExternalCareerSite/job/Israel-Yokneam/STA-Engineer_JR1999251?q=deep&locations=970bf8c909a701c749f87bdcd4008607
2025-07-13,21:52:38,deep,Job 3,"Senior Software Architect, Advanced Development","אדריכל תוכנה בכיר, פיתוח מתקדם",https://nvidia.wd5.myworkdayjobs.com/en-US/NVIDIAExternalCareerSite/job/Israel-Yokneam/Senior-Software-Architect--Advanced-Development_JR1998551?q=deep&locations=970bf8c909a701c749f87bdcd4008607
2025-07-13,21:52:38,deep,Job 4,Senior Performance Analysis Engineer,מהנדס ניתוח ביצועים בכיר,https://nvidia.wd5.myworkdayjobs.com/en-US/NVIDIAExternalCareerSite/job/Israel-Yokneam/Senior-Performance-Analysis-Engineer_JR1998088?q=deep&locations=970bf8c909a701c749f87bdcd4008607
2025-07-13,21:52:39,deep,Job 5,"Senior Product Manager, ASIC Simulation","מנהל מוצר בכיר, סימולציה של ASIC",https://nvidia.wd5.myworkdayjobs.com/en-US/NVIDIAExternalCareerSite/job/Israel-Raanana/Senior-Product-Manager--ASIC-Simulation_JR1992290?q=deep&locations=970bf8c909a701c749f87bdcd4008607
2025-07-13,21:52:40,deep,Job 6,"Senior System Software Engineer, NCCL - Partner Enablement","מהנדס תוכנת מערכת בכיר, NCCL - הפעלת שותפים",https://nvidia.wd5.myworkdayjobs.com/en-US/NVIDIAExternalCareerSite/job/Israel-Tel-Aviv/Senior-System-Software-Engineer--NCCL---Partner-Enablement_JR1998163?q=deep&locations=970bf8c909a701c749f87bdcd4008607
2025-07-13,21:52:40,deep,Job 7,Senior HPC AI Cluster Engineer,מהנדס אשכול בכיר HPC AI,https://nvidia.wd5.myworkdayjobs.com/en-US/NVIDIAExternalCareerSite/job/Israel-Yokneam/Senior-HPC-AI-Engineer_JR1983627?q=deep&locations=970bf8c909a701c749f87bdcd4008607
2025-07-13,21:52:40,deep,Job 8,Senior HPC DevOps Engineer,מהנדס בכיר ב- HPC DevOps,https://nvidia.wd5.myworkdayjobs.com/en-US/NVIDIAExternalCareerSite/job/Israel-Yokneam/Senior-HPC-DevOps-Engineer_JR1992821?q=deep&locations=970bf8c909a701c749f87bdcd4008607
2025-07-13,21:52:40,deep,Job 9,VLSI CAD Engineer,מהנדס VLSI CAD,https://nvidia.wd5.myworkdayjobs.com/en-US/NVIDIAExternalCareerSite/job/Israel-Yokneam/VLSI-CAD-Engineer_JR1998301-1?q=deep&locations=970bf8c909a701c749f87bdcd4008607
2025-07-13,21:52:41,deep,Job 10,Senior Analog Mixed Signal Design Engineer,מהנדס עיצוב אותות מעורבים אנלוגיים,https://nvidia.wd5.myworkdayjobs.com/en-US/NVIDIAExternalCareerSite/job/Israel-Yokneam/Senior-Analog-Mixed-Signal-Design-Engineer_JR1998833-1?q=deep&locations=970bf8c909a701c749f87bdcd4008607
2025-07-13,21:52:41,deep,Job 11,Senior AI Networking Optimizations Architect,אדריכל אופטימיזציות ברשת בכיר ב- AI,https://nvidia.wd5.myworkdayjobs.com/en-US/NVIDIAExternalCareerSite/job/Israel-Yokneam/Senior-AI-Networking-Optimizations-Architect_JR1997699?q=deep&locations=970bf8c909a701c749f87bdcd4008607
2025-07-13,21:52:41,deep,Job 12,Continuous Bring Up Solution Architect - NVIS,אדריכל הפתרונות המתמשך - NVIS,https://nvidia.wd5.myworkdayjobs.com/en-US/NVIDIAExternalCareerSite/job/Israel-Tel-Aviv/Continuous-Bring-Up-Solution-Architect---NVIS_JR1996791?q=deep&locations=970bf8c909a701c749f87bdcd4008607
2025-07-13,21:52:42,deep,Job 13,Senior Software Verification Engineer - Switch Simulation,מהנדס אימות תוכנה בכיר - סימולציה מתג,https://nvidia.wd5.myworkdayjobs.com/en-US/NVIDIAExternalCareerSite/job/Israel-Yokneam/Senior-Software-Verification-Engineer---Switch-Simulation_JR1991480?q=deep&locations=970bf8c909a701c749f87bdcd4008607
2025-07-13,21:52:42,deep,Job 14,Senior Software and DevOps Development Engineer,מהנדס פיתוח תוכנה ובכירה של DevOps,https://nvidia.wd5.myworkdayjobs.com/en-US/NVIDIAExternalCareerSite/job/Israel-Yokneam/Senior-Software-and-DevOps-Development-Engineer_JR1999761?q=deep&locations=970bf8c909a701c749f87bdcd4008607
2025-07-13,21:52:42,deep,Job 15,Senior Firmware Engineer,מהנדס קושחה בכיר,https://nvidia.wd5.myworkdayjobs.com/en-US/NVIDIAExternalCareerSite/job/Israel-Yokneam/Senior-Firmware-Engineer_JR1999750?q=deep&locations=970bf8c909a701c749f87bdcd4008607
2025-07-13,21:52:42,deep,Job 16,Senior AI Storage Software Architect,אדריכל תוכנת אחסון בכיר ב- AI,https://nvidia.wd5.myworkdayjobs.com/en-US/NVIDIAExternalCareerSite/job/Israel-Raanana/Senior-AI-Storage-Software-Architect_JR1997866?q=deep&locations=970bf8c909a701c749f87bdcd4008607
2025-07-13,21:52:43,deep,Job 17,Senior Firmware PCIe Application Engineer,מהנדס יישומי PCIE בכירים ב- PCIE,https://nvidia.wd5.myworkdayjobs.com/en-US/NVIDIAExternalCareerSite/job/Israel-Yokneam/Senior-Firmware-PCIe-Application-Engineer_JR1999281?q=deep&locations=970bf8c909a701c749f87bdcd4008607
2025-07-13,21:52:43,deep,Job 18,"Senior Customer Program Manager, AI Datacenter","מנהל תכנית לקוחות בכיר, מרכז נתונים AI",https://nvidia.wd5.myworkdayjobs.com/en-US/NVIDIAExternalCareerSite/job/Israel-Tel-Aviv/Senior-Customer-Program-Manager--AI-Datacenter_JR1998662-1?q=deep&locations=970bf8c909a701c749f87bdcd4008607
2025-07-13,21:52:43,deep,Job 19,"Senior Customer Program Manager, AI Datacenter","מנהל תכנית לקוחות בכיר, מרכז נתונים AI",https://nvidia.wd5.myworkdayjobs.com/en-US/NVIDIAExternalCareerSite/job/Israel-Tel-Aviv/Senior-Customer-Program-Manager--AI-Datacenter_JR1998663-1?q=deep&locations=970bf8c909a701c749f87bdcd4008607
2025-07-13,21:52:43,deep,Job 20,Senior AI System Security Architect - Networking,אדריכל אבטחת מערכות AI בכיר - רשת,https://nvidia.wd5.myworkdayjobs.com/en-US/NVIDIAExternalCareerSite/job/Israel-Tel-Aviv/Senior-AI-System-Security-Architect---Networking_JR1994508?q=deep&locations=970bf8c909a701c749f87bdcd4008607
,,,,,,
2025-07-13,21:52:54,machine,Job 1,Senior ML Engineer,מהנדס ML בכיר,https://nvidia.wd5.myworkdayjobs.com/en-US/NVIDIAExternalCareerSite/job/Israel-Yokneam/Senior-ML-Engineer_JR1993435?q=machine&locations=970bf8c909a701c749f87bdcd4008607
2025-07-13,21:52:55,machine,Job 2,Continuous Bring Up Solution Architect - NVIS,אדריכל הפתרונות המתמשך - NVIS,https://nvidia.wd5.myworkdayjobs.com/en-US/NVIDIAExternalCareerSite/job/Israel-Tel-Aviv/Continuous-Bring-Up-Solution-Architect---NVIS_JR1996791?q=machine&locations=970bf8c909a701c749f87bdcd4008607
2025-07-13,21:52:55,machine,Job 3,Senior Malware Research Architect,אדריכל מחקרי תוכנות זדוניות בכיר,https://nvidia.wd5.myworkdayjobs.com/en-US/NVIDIAExternalCareerSite/job/Israel-Tel-Aviv/Senior-Malware-Research-Architect_JR1993415?q=machine&locations=970bf8c909a701c749f87bdcd4008607
2025-07-13,21:52:56,machine,Job 4,Senior Data Scientist and System Architect,מדען נתונים בכיר ואדריכל מערכות,https://nvidia.wd5.myworkdayjobs.com/en-US/NVIDIAExternalCareerSite/job/Israel-Yokneam/Senior-Data-Scientist-and-System-Architect_JR1996660?q=machine&locations=970bf8c909a701c749f87bdcd4008607
2025-07-13,21:52:56,machine,Job 5,Senior Networking Security Research Architect,אדריכל מחקרי אבטחה בכיר ברשת,https://nvidia.wd5.myworkdayjobs.com/en-US/NVIDIAExternalCareerSite/job/Israel-Tel-Aviv/Senior-Networking-Security-Research-Architect_JR1993170-1?q=machine&locations=970bf8c909a701c749f87bdcd4008607
2025-07-13,21:52:56,machine,Job 6,Senior Hardware Program Manager,מנהל תכנית חומרה בכיר,https://nvidia.wd5.myworkdayjobs.com/en-US/NVIDIAExternalCareerSite/job/Israel-Yokneam/Senior-Hardware-Program-Manager_JR1996868?q=machine&locations=970bf8c909a701c749f87bdcd4008607
2025-07-13,21:52:56,machine,Job 7,QA and Automation Engineer,QA ומהנדס אוטומציה,https://nvidia.wd5.myworkdayjobs.com/en-US/NVIDIAExternalCareerSite/job/Israel-Raanana/QA-and-Automation-Engineer_JR1997875?q=machine&locations=970bf8c909a701c749f87bdcd4008607
2025-07-13,21:52:57,machine,Job 8,Senior Analog Layout Design Engineer,מהנדס תכנון פריסה אנלוגית בכיר,https://nvidia.wd5.myworkdayjobs.com/en-US/NVIDIAExternalCareerSite/job/Israel-Yokneam/Senior-Analog-Layout-Design-Engineer_JR1995504?q=machine&locations=970bf8c909a701c749f87bdcd4008607
2025-07-13,21:52:57,machine,Job 9,Senior GTM Program Manager,מנהל תכנית בכיר ב- GTM,https://nvidia.wd5.myworkdayjobs.com/en-US/NVIDIAExternalCareerSite/job/Israel-Yokneam/Senior-GTM-Program-Manager_JR1995613-1?q=machine&locations=970bf8c909a701c749f87bdcd4008607
2025-07-13,21:52:57,machine,Job 10,Senior Software Developer,מפתח תוכנה בכיר,https://nvidia.wd5.myworkdayjobs.com/en-US/NVIDIAExternalCareerSite/job/Israel-Raanana/Senior-Software-Developer_JR1997627?q=machine&locations=970bf8c909a701c749f87bdcd4008607
2025-07-13,21:52:57,machine,Job 11,"Technical Project Lead, SPE","מוביל פרויקט טכני, SPE",https://nvidia.wd5.myworkdayjobs.com/en-US/NVIDIAExternalCareerSite/job/Israel-Yokneam/Technical-Project-Lead--SPE_JR1993605?q=machine&locations=970bf8c909a701c749f87bdcd4008607
2025-07-13,21:52:58,machine,Job 12,Senior VLSI CAD and AI Automation Engineer,מהנדס אוטומציה של VLSI CAD ו- AI,https://nvidia.wd5.myworkdayjobs.com/en-US/NVIDIAExternalCareerSite/job/Israel-Yokneam/Senior-VLSI-CAD-and-AI-Automation-Engineer_JR1997583?q=machine&locations=970bf8c909a701c749f87bdcd4008607
2025-07-13,21:52:58,machine,Job 13,"Senior System Software Engineer, NCCL - Partner Enablement","מהנדס תוכנת מערכת בכיר, NCCL - הפעלת שותפים",https://nvidia.wd5.myworkdayjobs.com/en-US/NVIDIAExternalCareerSite/job/Israel-Tel-Aviv/Senior-System-Software-Engineer--NCCL---Partner-Enablement_JR1998163?q=machine&locations=970bf8c909a701c749f87bdcd4008607
2025-07-13,21:52:58,machine,Job 14,Power Integrity Engineer,מהנדס שלמות חשמל,https://nvidia.wd5.myworkdayjobs.com/en-US/NVIDIAExternalCareerSite/job/Israel-Tel-Aviv/Power-Integrity-Engineer_JR1986679-1?q=machine&locations=970bf8c909a701c749f87bdcd4008607
2025-07-13,21:52:59,machine,Job 15,Senior System Design Test Architect,אדריכל מבחן תכנון מערכות בכיר,https://nvidia.wd5.myworkdayjobs.com/en-US/NVIDIAExternalCareerSite/job/Israel-Yokneam/Senior-System-Design-Test-Architect_JR1999094?q=machine&locations=970bf8c909a701c749f87bdcd4008607
2025-07-13,21:52:59,machine,Job 16,"Senior Manager, IC Test Labs","מנהל בכיר, מעבדות מבחן IC",https://nvidia.wd5.myworkdayjobs.com/en-US/NVIDIAExternalCareerSite/job/Israel-Yokneam/Senior-Manager--Production-Infrastructure-Equipment_JR1996202?q=machine&locations=970bf8c909a701c749f87bdcd4008607
2025-07-13,21:52:59,machine,Job 17,Senior Performance Analysis Engineer,מהנדס ניתוח ביצועים בכיר,https://nvidia.wd5.myworkdayjobs.com/en-US/NVIDIAExternalCareerSite/job/Israel-Yokneam/Senior-Performance-Analysis-Engineer_JR1998088?q=machine&locations=970bf8c909a701c749f87bdcd4008607
,,,,,,
2025-07-13,21:53:09,junior,Job 1,Senior Mechanical Validation Engineer,מהנדס אימות מכני בכיר,https://nvidia.wd5.myworkdayjobs.com/en-US/NVIDIAExternalCareerSite/job/Israel-Yokneam/Senior-Mechanical-Validation-Engineer_JR1996892?q=junior&locations=970bf8c909a701c749f87bdcd4008607
2025-07-13,21:53:09,junior,Job 2,Senior System Power and Performance Validation Engineer,מהנדס אימות חשמל ומערכת בכירה,https://nvidia.wd5.myworkdayjobs.com/en-US/NVIDIAExternalCareerSite/job/Israel-Yokneam/Senior-System-Power-and-Performance-Validation-Engineer_JR1992688?q=junior&locations=970bf8c909a701c749f87bdcd4008607
2025-07-13,21:53:10,junior,Job 3,"Senior Product Manager, ASIC Simulation","מנהל מוצר בכיר, סימולציה של ASIC",https://nvidia.wd5.myworkdayjobs.com/en-US/NVIDIAExternalCareerSite/job/Israel-Raanana/Senior-Product-Manager--ASIC-Simulation_JR1992290?q=junior&locations=970bf8c909a701c749f87bdcd4008607
2025-07-13,21:53:10,junior,Job 4,Senior Networking Electrical Validation Engineer,מהנדס אימות חשמלי בכיר ברשת,https://nvidia.wd5.myworkdayjobs.com/en-US/NVIDIAExternalCareerSite/job/Israel-Yokneam/Senior-Networking-Electrical-Validation-Engineer_JR1995082?q=junior&locations=970bf8c909a701c749f87bdcd4008607
2025-07-13,21:53:10,junior,Job 5,Senior Networking Electrical Validation Engineer,מהנדס אימות חשמלי בכיר ברשת,https://nvidia.wd5.myworkdayjobs.com/en-US/NVIDIAExternalCareerSite/job/Israel-Yokneam/Senior-Networking-Electrical-Validation-Engineer_JR1999533?q=junior&locations=970bf8c909a701c749f87bdcd4008607
,,,,,,
2025-07-13,21:53:20,python,Job 1,Senior Software Verification Engineer - Switch Simulation,מהנדס אימות תוכנה בכיר - סימולציה מתג,https://nvidia.wd5.myworkdayjobs.com/en-US/NVIDIAExternalCareerSite/job/Israel-Yokneam/Senior-Software-Verification-Engineer---Switch-Simulation_JR1991480?q=python&locations=970bf8c909a701c749f87bdcd4008607
2025-07-13,21:53:20,python,Job 2,"Senior QA Software Engineer, Networking","מהנדס תוכנה בכיר ב- QA, רשת",https://nvidia.wd5.myworkdayjobs.com/en-US/NVIDIAExternalCareerSite/job/Israel-Yokneam/Senior-QA-Software-Engineer_JR1998218?q=python&locations=970bf8c909a701c749f87bdcd4008607
2025-07-13,21:53:20,python,Job 3,"Senior Software Engineer, DOCA Verification","מהנדס תוכנה בכיר, אימות DOCA",https://nvidia.wd5.myworkdayjobs.com/en-US/NVIDIAExternalCareerSite/job/Israel-Raanana/Senior-Software-Engineer--DOCA-Verification_JR1999115?q=python&locations=970bf8c909a701c749f87bdcd4008607
2025-07-13,21:53:21,python,Job 4,"Software QA Engineer, Network Systems","מהנדס QA תוכנה, מערכות רשת",https://nvidia.wd5.myworkdayjobs.com/en-US/NVIDIAExternalCareerSite/job/Israel-Yokneam/Software-QA-Engineer--Network-Systems_JR1999346?q=python&locations=970bf8c909a701c749f87bdcd4008607
2025-07-13,21:53:21,python,Job 5,Senior Functional Test Engineer,מהנדס בדיקות פונקציונליות בכיר,https://nvidia.wd5.myworkdayjobs.com/en-US/NVIDIAExternalCareerSite/job/Israel-Yokneam/Senior-Functional-Test-Engineer_JR1987850?q=python&locations=970bf8c909a701c749f87bdcd4008607
2025-07-13,21:53:22,python,Job 6,Senior System Validation Engineer,מהנדס אימות מערכות בכיר,https://nvidia.wd5.myworkdayjobs.com/en-US/NVIDIAExternalCareerSite/job/Israel-Yokneam/Senior-System-Validation-Engineer_JR1982158?q=python&locations=970bf8c909a701c749f87bdcd4008607
2025-07-13,21:53:22,python,Job 7,Senior System Validation Engineer,מהנדס אימות מערכות בכיר,https://nvidia.wd5.myworkdayjobs.com/en-US/NVIDIAExternalCareerSite/job/Israel-Yokneam/Senior-System-Validation-Engineer_JR1987688?q=python&locations=970bf8c909a701c749f87bdcd4008607
2025-07-13,21:53:23,python,Job 8,"Software QA Engineer, Bluefield DPU","מהנדס QA תוכנה, Bluefield DPU",https://nvidia.wd5.myworkdayjobs.com/en-US/NVIDIAExternalCareerSite/job/Israel-Yokneam/Software-QA-Engineer--Bluefield-DPU_JR1997934?q=python&locations=970bf8c909a701c749f87bdcd4008607
2025-07-13,21:53:24,python,Job 9,Senior Firmware Engineer,מהנדס קושחה בכיר,https://nvidia.wd5.myworkdayjobs.com/en-US/NVIDIAExternalCareerSite/job/Israel-Tel-Aviv/Senior-Firmware-Engineer_JR1998916?q=python&locations=970bf8c909a701c749f87bdcd4008607
2025-07-13,21:53:24,python,Job 10,Senior Software QA Engineer Linux Drivers,מנהלי התקנים לינוקס מהנדס QA בכירים,https://nvidia.wd5.myworkdayjobs.com/en-US/NVIDIAExternalCareerSite/job/Israel-Raanana/Senior-Software-QA-Engineer-Linux-Drivers_JR1999093?q=python&locations=970bf8c909a701c749f87bdcd4008607
2025-07-13,21:53:25,python,Job 11,Senior Embedded SW Engineer,מהנדס SW משובץ בכיר,https://nvidia.wd5.myworkdayjobs.com/en-US/NVIDIAExternalCareerSite/job/Israel-Yokneam/Senior-Embedded-SW-Engineer_JR1999330?q=python&locations=970bf8c909a701c749f87bdcd4008607
2025-07-13,21:53:25,python,Job 12,Senior Network Test Engineer,מהנדס בדיקות רשת בכיר,https://nvidia.wd5.myworkdayjobs.com/en-US/NVIDIAExternalCareerSite/job/Israel-Yokneam/Senior-Network-Test-Engineer_JR1999033?q=python&locations=970bf8c909a701c749f87bdcd4008607
2025-07-13,21:53:25,python,Job 13,Senior Software Performance Verification Engineer,מהנדס אימות ביצועי תוכנה בכיר,https://nvidia.wd5.myworkdayjobs.com/en-US/NVIDIAExternalCareerSite/job/Israel-Yokneam/Senior-Software-Performance-Verification-Engineer_JR1999844?q=python&locations=970bf8c909a701c749f87bdcd4008607
2025-07-13,21:53:25,python,Job 14,Senior VLSI CAD and AI Automation Engineer,מהנדס אוטומציה של VLSI CAD ו- AI,https://nvidia.wd5.myworkdayjobs.com/en-US/NVIDIAExternalCareerSite/job/Israel-Yokneam/Senior-VLSI-CAD-and-AI-Automation-Engineer_JR1997583?q=python&locations=970bf8c909a701c749f87bdcd4008607
2025-07-13,21:53:26,python,Job 15,Senior Firmware Engineer,מהנדס קושחה בכיר,https://nvidia.wd5.myworkdayjobs.com/en-US/NVIDIAExternalCareerSite/job/Israel-Tel-Aviv/Senior-Firmware-Engineer_JR1999003?q=python&locations=970bf8c909a701c749f87bdcd4008607
2025-07-13,21:53:26,python,Job 16,Senior Data Scientist and System Architect,מדען נתונים בכיר ואדריכל מערכות,https://nvidia.wd5.myworkdayjobs.com/en-US/NVIDIAExternalCareerSite/job/Israel-Yokneam/Senior-Data-Scientist-and-System-Architect_JR1996660?q=python&locations=970bf8c909a701c749f87bdcd4008607
2025-07-13,21:53:26,python,Job 17,Software Automation Engineer,מהנדס אוטומציה של תוכנה,https://nvidia.wd5.myworkdayjobs.com/en-US/NVIDIAExternalCareerSite/job/Israel-Yokneam/Software-Automation-Engineer_JR1999358?q=python&locations=970bf8c909a701c749f87bdcd4008607
2025-07-13,21:53:26,python,Job 18,Senior System Product Engineer,מהנדס מוצרי מערכת בכיר,https://nvidia.wd5.myworkdayjobs.com/en-US/NVIDIAExternalCareerSite/job/Israel-Yokneam/Senior-System-Product-Engineer_JR1997709?q=python&locations=970bf8c909a701c749f87bdcd4008607
2025-07-13,21:53:28,python,Job 19,Senior Software Manager,מנהל תוכנה בכיר,https://nvidia.wd5.myworkdayjobs.com/en-US/NVIDIAExternalCareerSite/job/Israel-Yokneam/Senior-Software-Manager_JR1998449?q=python&locations=970bf8c909a701c749f87bdcd4008607
2025-07-13,21:53:28,python,Job 20,CAD Power Engineer,מהנדס כוח CAD,https://nvidia.wd5.myworkdayjobs.com/en-US/NVIDIAExternalCareerSite/job/Israel-Yokneam/CAD-Power-Engineer_JR1998685?q=python&locations=970bf8c909a701c749f87bdcd4008607
,,,,,,
2025-07-13,21:53:38,analyst,Job 1,Senior Software Verification Engineer - Switch Simulation,מהנדס אימות תוכנה בכיר - סימולציה מתג,https://nvidia.wd5.myworkdayjobs.com/en-US/NVIDIAExternalCareerSite/job/Israel-Yokneam/Senior-Software-Verification-Engineer---Switch-Simulation_JR1991480?q=analyst&locations=970bf8c909a701c749f87bdcd4008607
2025-07-13,21:53:38,analyst,Job 2,"Manager, Software Verification","מנהל, אימות תוכנה",https://nvidia.wd5.myworkdayjobs.com/en-US/NVIDIAExternalCareerSite/job/Israel-Yokneam/Manager--Software-Verification_JR1985768?q=analyst&locations=970bf8c909a701c749f87bdcd4008607
2025-07-13,21:53:38,analyst,Job 3,Senior Formal Verification Engineer,מהנדס אימות רשמי בכיר,https://nvidia.wd5.myworkdayjobs.com/en-US/NVIDIAExternalCareerSite/job/Israel-Yokneam/Senior-Formal-Verification-Engineer_JR1996938?q=analyst&locations=970bf8c909a701c749f87bdcd4008607
2025-07-13,21:53:39,analyst,Job 4,Senior Formal Verification Engineer,מהנדס אימות רשמי בכיר,https://nvidia.wd5.myworkdayjobs.com/en-US/NVIDIAExternalCareerSite/job/Israel-Yokneam/Senior-Formal-Verification-Engineer_JR1997698?q=analyst&locations=970bf8c909a701c749f87bdcd4008607
2025-07-13,21:53:39,analyst,Job 5,"Senior NPI Engineer, PCB","מהנדס NPI בכיר, PCB",https://nvidia.wd5.myworkdayjobs.com/en-US/NVIDIAExternalCareerSite/job/Israel-Yokneam/Senior-NPI-Engineer--PCB_JR1996029?q=analyst&locations=970bf8c909a701c749f87bdcd4008607
2025-07-13,21:53:39,analyst,Job 6,Senior Software Engineer - Switch and NIC Simulation,מהנדס תוכנה בכיר - Switch ו- NIC סימולציה,https://nvidia.wd5.myworkdayjobs.com/en-US/NVIDIAExternalCareerSite/job/Israel-Yokneam/Senior-Software-Engineer---Switch-Simulation_JR1999738?q=analyst&locations=970bf8c909a701c749f87bdcd4008607
2025-07-13,21:53:40,analyst,Job 7,Senior DFT Verification Engineer,מהנדס אימות DFT בכיר,https://nvidia.wd5.myworkdayjobs.com/en-US/NVIDIAExternalCareerSite/job/Israel-Tel-Aviv/Senior-DFT-Verification-Engineer_JR1978014-1?q=analyst&locations=970bf8c909a701c749f87bdcd4008607
2025-07-13,21:53:40,analyst,Job 8,Senior Mechanical Validation Engineer,מהנדס אימות מכני בכיר,https://nvidia.wd5.myworkdayjobs.com/en-US/NVIDIAExternalCareerSite/job/Israel-Yokneam/Senior-Mechanical-Validation-Engineer_JR1996892?q=analyst&locations=970bf8c909a701c749f87bdcd4008607
2025-07-13,21:53:40,analyst,Job 9,Senior Chip Design Verification Engineer,מהנדס אימות תכנון שבב בכיר,https://nvidia.wd5.myworkdayjobs.com/en-US/NVIDIAExternalCareerSite/job/Israel-Yokneam/Senior-Chip-Design-Verification-Engineer_JR1997948?q=analyst&locations=970bf8c909a701c749f87bdcd4008607
2025-07-13,21:53:40,analyst,Job 10,Senior Firmware Engineer,מהנדס קושחה בכיר,https://nvidia.wd5.myworkdayjobs.com/en-US/NVIDIAExternalCareerSite/job/Israel-Yokneam/Senior-Firmware-Engineer_JR1998399?q=analyst&locations=970bf8c909a701c749f87bdcd4008607
2025-07-13,21:53:41,analyst,Job 11,IC Failure Analysis Engineer,מהנדס ניתוח כישלונות IC,https://nvidia.wd5.myworkdayjobs.com/en-US/NVIDIAExternalCareerSite/job/Israel-Yokneam/IC-Failure-Analysis-Engineer_JR1998643?q=analyst&locations=970bf8c909a701c749f87bdcd4008607
2025-07-13,21:53:41,analyst,Job 12,Senior DFT Verification Engineer,מהנדס אימות DFT בכיר,https://nvidia.wd5.myworkdayjobs.com/en-US/NVIDIAExternalCareerSite/job/Israel-Tel-Aviv/Senior-DFT-Verification-Engineer_JR1995104?q=analyst&locations=970bf8c909a701c749f87bdcd4008607
2025-07-13,21:53:43,analyst,Job 13,ASIC Design Engineer,מהנדס עיצוב ASIC,https://nvidia.wd5.myworkdayjobs.com/en-US/NVIDIAExternalCareerSite/job/Israel-Yokneam/ASIC-Design-Engineer_JR1982863?q=analyst&locations=970bf8c909a701c749f87bdcd4008607
2025-07-13,21:53:43,analyst,Job 14,Senior Software Test Development Engineer,מהנדס פיתוח בדיקות תוכנה בכיר,https://nvidia.wd5.myworkdayjobs.com/en-US/NVIDIAExternalCareerSite/job/Israel-Yokneam/Senior-Software-Test-Development-Engineer_JR1992838?q=analyst&locations=970bf8c909a701c749f87bdcd4008607
2025-07-13,21:53:43,analyst,Job 15,"Manager, DFT Verification","מנהל, אימות DFT",https://nvidia.wd5.myworkdayjobs.com/en-US/NVIDIAExternalCareerSite/job/Israel-Tel-Aviv/Manager--DFT-Verification_JR1993836?q=analyst&locations=970bf8c909a701c749f87bdcd4008607
2025-07-13,21:53:43,analyst,Job 16,Senior DFT Engineer,מהנדס DFT בכיר,https://nvidia.wd5.myworkdayjobs.com/en-US/NVIDIAExternalCareerSite/job/Israel-Yokneam/Senior-DFT-Engineer_JR1995824?q=analyst&locations=970bf8c909a701c749f87bdcd4008607
2025-07-13,21:53:44,analyst,Job 17,Senior Post-Silicon Characterization Engineer,מהנדס אפיון בכיר לאחר סיליקון,https://nvidia.wd5.myworkdayjobs.com/en-US/NVIDIAExternalCareerSite/job/Israel-Yokneam/Senior-Post-Silicon-Characterization-Engineer_JR1996454?q=analyst&locations=970bf8c909a701c749f87bdcd4008607
2025-07-13,21:53:44,analyst,Job 18,Senior ASIC Design Engineer,מהנדס תכנון ASIC בכיר,https://nvidia.wd5.myworkdayjobs.com/en-US/NVIDIAExternalCareerSite/job/Israel-Yokneam/Senior-ASIC-Design-Engineer_JR1991483?q=analyst&locations=970bf8c909a701c749f87bdcd4008607
2025-07-13,21:53:44,analyst,Job 19,Senior DFT Design Engineer,מהנדס תכנון DFT בכיר,https://nvidia.wd5.myworkdayjobs.com/en-US/NVIDIAExternalCareerSite/job/Israel-Yokneam/Senior-DFT-Design-Engineer_JR1997818?q=analyst&locations=970bf8c909a701c749f87bdcd4008607
2025-07-13,21:53:46,analyst,Job 20,"Senior Software Engineer, DOCA SDK","מהנדס תוכנה בכיר, DOCA SDK",https://nvidia.wd5.myworkdayjobs.com/en-US/NVIDIAExternalCareerSite/job/Israel-Yokneam/Senior-Software-Engineer--DOCA-SDK_JR1998168?q=analyst&locations=970bf8c909a701c749f87bdcd4008607
,,,,,,
2025-07-13,21:54:11,sql,Job 1,Software Automation Engineer,מהנדס אוטומציה של תוכנה,https://nvidia.wd5.myworkdayjobs.com/en-US/NVIDIAExternalCareerSite/job/Israel-Yokneam/Software-Automation-Engineer_JR1999358?q=sql&locations=970bf8c909a701c749f87bdcd4008607
,,,,,,
2025-07-13,22:59:51,intern,Job 9,Senior Product Quality Engineer,מהנדס איכות מוצר בכיר,https://nvidia.wd5.myworkdayjobs.com/en-US/NVIDIAExternalCareerSite/job/Israel-Yokneam/Senior-Product-Quality-Engineer_JR1999687?q=intern&locations=970bf8c909a701c749f87bdcd4008607
,,,,,,
2025-07-14,14:23:12,machine,Job 14,Manufacturing Technologies and Process Engineer,טכנולוגיות ייצור ומהנדס תהליכים,https://nvidia.wd5.myworkdayjobs.com/en-US/NVIDIAExternalCareerSite/job/Israel-Yokneam/Manufacturing-Technologies-and-Process-Engineer_JR1998222?q=machine&locations=970bf8c909a701c749f87bdcd4008607
,,,,,,
2025-07-14,17:18:28,algorithm,Job 1,Senior Network Algorithms Architect,אדריכל אלגוריתמי רשת בכיר,https://nvidia.wd5.myworkdayjobs.com/en-US/NVIDIAExternalCareerSite/job/Israel-Yokneam/Senior-Network-Algorithms-Architect_JR1999221?q=algorithm&locations=970bf8c909a701c749f87bdcd4008607
2025-07-14,17:18:29,algorithm,Job 2,Senior Lab DSP Communication Engineer,מהנדס תקשורת בכיר במעבדה DSP,https://nvidia.wd5.myworkdayjobs.com/en-US/NVIDIAExternalCareerSite/job/Israel-Yokneam/Senior-Lab-DSP-Communication-Engineer_JR1996956?q=algorithm&locations=970bf8c909a701c749f87bdcd4008607
2025-07-14,17:18:31,algorithm,Job 3,"Senior Software Engineer, RDMA Transport","מהנדס תוכנה בכיר, RDMA Transport",https://nvidia.wd5.myworkdayjobs.com/en-US/NVIDIAExternalCareerSite/job/Israel-Tel-Aviv/Senior-Software-Engineer--RDMA-Transport_JR1997817?q=algorithm&locations=970bf8c909a701c749f87bdcd4008607
2025-07-14,17:18:32,algorithm,Job 4,Senior High-Performance System Architect,אדריכל מערכות בכיר בעל ביצועים גבוהים,https://nvidia.wd5.myworkdayjobs.com/en-US/NVIDIAExternalCareerSite/job/Israel-Tel-Aviv/Senior-High-Performance-System-Architect_JR1997252?q=algorithm&locations=970bf8c909a701c749f87bdcd4008607
2025-07-14,17:18:32,algorithm,Job 5,Senior Performance Analysis Engineer,מהנדס ניתוח ביצועים בכיר,https://nvidia.wd5.myworkdayjobs.com/en-US/NVIDIAExternalCareerSite/job/Israel-Yokneam/Senior-Performance-Analysis-Engineer_JR1998088?q=algorithm&locations=970bf8c909a701c749f87bdcd4008607
2025-07-14,17:18:33,algorithm,Job 6,Senior Firmware Design Engineer,מהנדס עיצוב קושחה בכיר,https://nvidia.wd5.myworkdayjobs.com/en-US/NVIDIAExternalCareerSite/job/Israel-Yokneam/Senior-Firmware-Design-Engineer_JR1994835?q=algorithm&locations=970bf8c909a701c749f87bdcd4008607
2025-07-14,17:18:34,algorithm,Job 7,Senior Formal Verification Engineer,מהנדס אימות רשמי בכיר,https://nvidia.wd5.myworkdayjobs.com/en-US/NVIDIAExternalCareerSite/job/Israel-Yokneam/Senior-Formal-Verification-Engineer_JR1996938?q=algorithm&locations=970bf8c909a701c749f87bdcd4008607
2025-07-14,17:18:34,algorithm,Job 8,Senior Formal Verification Engineer,מהנדס אימות רשמי בכיר,https://nvidia.wd5.myworkdayjobs.com/en-US/NVIDIAExternalCareerSite/job/Israel-Yokneam/Senior-Formal-Verification-Engineer_JR1997698?q=algorithm&locations=970bf8c909a701c749f87bdcd4008607
2025-07-14,17:18:35,algorithm,Job 9,Senior Firmware Engineer,מהנדס קושחה בכיר,https://nvidia.wd5.myworkdayjobs.com/en-US/NVIDIAExternalCareerSite/job/Israel-Yokneam/Senior-Firmware-Engineer_JR1998399?q=algorithm&locations=970bf8c909a701c749f87bdcd4008607
2025-07-14,17:18:35,algorithm,Job 10,"Senior Customer Program Manager, AI Datacenter","מנהל תכנית לקוחות בכיר, מרכז נתונים AI",https://nvidia.wd5.myworkdayjobs.com/en-US/NVIDIAExternalCareerSite/job/Israel-Tel-Aviv/Senior-Customer-Program-Manager--AI-Datacenter_JR1994183?q=algorithm&locations=970bf8c909a701c749f87bdcd4008607
2025-07-14,17:18:35,algorithm,Job 11,Senior Firmware Engineer,מהנדס קושחה בכיר,https://nvidia.wd5.myworkdayjobs.com/en-US/NVIDIAExternalCareerSite/job/Israel-Yokneam/Senior-Firmware-Engineer_JR1999750?q=algorithm&locations=970bf8c909a701c749f87bdcd4008607
2025-07-14,17:18:35,algorithm,Job 12,Senior Firmware Engineer,מהנדס קושחה בכיר,https://nvidia.wd5.myworkdayjobs.com/en-US/NVIDIAExternalCareerSite/job/Israel-Yokneam/Senior-Firmware-Engineer_JR1999095?q=algorithm&locations=970bf8c909a701c749f87bdcd4008607
2025-07-14,17:18:36,algorithm,Job 13,"Senior System Software Architect, HPC Networking","אדריכל תוכנת מערכת בכיר, רשת HPC",https://nvidia.wd5.myworkdayjobs.com/en-US/NVIDIAExternalCareerSite/job/Israel-Yokneam/Senior-System-Software-Architect--HPC-Networking_JR1985822?q=algorithm&locations=970bf8c909a701c749f87bdcd4008607
2025-07-14,17:18:36,algorithm,Job 14,"Senior System Software Architect, HPC Networking","אדריכל תוכנת מערכת בכיר, רשת HPC",https://nvidia.wd5.myworkdayjobs.com/en-US/NVIDIAExternalCareerSite/job/Israel-Yokneam/Senior-System-Software-Architect--HPC-Networking_JR1997718?q=algorithm&locations=970bf8c909a701c749f87bdcd4008607
2025-07-14,17:18:36,algorithm,Job 15,Senior VLSI CAD and AI Automation Engineer,מהנדס אוטומציה של VLSI CAD ו- AI,https://nvidia.wd5.myworkdayjobs.com/en-US/NVIDIAExternalCareerSite/job/Israel-Yokneam/Senior-VLSI-CAD-and-AI-Automation-Engineer_JR1997583?q=algorithm&locations=970bf8c909a701c749f87bdcd4008607
2025-07-14,17:18:36,algorithm,Job 16,Senior Data Scientist and System Architect,מדען נתונים בכיר ואדריכל מערכות,https://nvidia.wd5.myworkdayjobs.com/en-US/NVIDIAExternalCareerSite/job/Israel-Yokneam/Senior-Data-Scientist-and-System-Architect_JR1996660?q=algorithm&locations=970bf8c909a701c749f87bdcd4008607
2025-07-14,17:18:37,algorithm,Job 17,Senior ML Engineer,מהנדס ML בכיר,https://nvidia.wd5.myworkdayjobs.com/en-US/NVIDIAExternalCareerSite/job/Israel-Yokneam/Senior-ML-Engineer_JR1993435?q=algorithm&locations=970bf8c909a701c749f87bdcd4008607
2025-07-14,17:18:37,algorithm,Job 18,Senior Software Architect - Deep Learning and HPC Communications,אדריכל תוכנה בכיר - למידה עמוקה ותקשורת HPC,https://nvidia.wd5.myworkdayjobs.com/en-US/NVIDIAExternalCareerSite/job/Israel-Tel-Aviv/Senior-Software-Architect---Deep-Learning-and-HPC-Communications_JR1998164?q=algorithm&locations=970bf8c909a701c749f87bdcd4008607
,,,,,,
2025-07-14,19:26:10,Financial,Job 1,Senior Laboratory Manager,מנהל מעבדה בכיר,https://nvidia.wd5.myworkdayjobs.com/en-US/NVIDIAExternalCareerSite/job/Israel-Yokneam/Senior-Laboratory-Manager_JR1998644?q=Financial&locations=970bf8c909a701c749f87bdcd4008607
2025-07-14,19:26:10,Financial,Job 2,Senior Chip NPI & MP Manufacturing Controller,בקר בכיר NPI ו- MP,https://nvidia.wd5.myworkdayjobs.com/en-US/NVIDIAExternalCareerSite/job/Israel-Yokneam/Senior-Chip-NPI---MP-Manufacturing-Controller_JR1999408?q=Financial&locations=970bf8c909a701c749f87bdcd4008607
2025-07-14,19:26:11,Financial,Job 3,"Senior NPI Engineer, Chip","מהנדס בכיר ב- NPI, שבב",https://nvidia.wd5.myworkdayjobs.com/en-US/NVIDIAExternalCareerSite/job/Israel-Yokneam/Senior-NPI-Engineer--Chip_JR1998972?q=Financial&locations=970bf8c909a701c749f87bdcd4008607
2025-07-14,19:26:13,Financial,Job 4,"Senior NPI Engineer, Chip","מהנדס בכיר ב- NPI, שבב",https://nvidia.wd5.myworkdayjobs.com/en-US/NVIDIAExternalCareerSite/job/Israel-Yokneam/Senior-NPI-Engineer--Chip_JR1996023?q=Financial&locations=970bf8c909a701c749f87bdcd4008607
2025-07-14,19:26:13,Financial,Job 5,Senior Chip Architect,אדריכל שבבים בכיר,https://nvidia.wd5.myworkdayjobs.com/en-US/NVIDIAExternalCareerSite/job/Israel-Tel-Aviv/Senior-Chip-Architect_JR1966239?q=Financial&locations=970bf8c909a701c749f87bdcd4008607
,,,,,,
2025-07-15,11:35:21,ai,Job 20,Senior Networking PCIe Application Engineer,מהנדס יישומי PCIE בכיר ברשת,https://nvidia.wd5.myworkdayjobs.com/en-US/NVIDIAExternalCareerSite/job/Israel-Yokneam/Senior-Networking-PCIe-Application-Engineer_JR1998243?q=ai&locations=970bf8c909a701c749f87bdcd4008607
,,,,,,
2025-07-15,11:35:39,deep,Job 20,Senior Data Scientist and System Architect,מדען נתונים בכיר ואדריכל מערכות,https://nvidia.wd5.myworkdayjobs.com/en-US/NVIDIAExternalCareerSite/job/Israel-Yokneam/Senior-Data-Scientist-and-System-Architect_JR1996660?q=deep&locations=970bf8c909a701c749f87bdcd4008607
,,,,,,
2025-07-15,11:37:12,algorithm,Job 17,AI Network System Architect,אדריכל מערכת רשת AI,https://nvidia.wd5.myworkdayjobs.com/en-US/NVIDIAExternalCareerSite/job/Israel-Yokneam/AI-Network-System-Architect_JR1987028-1?q=algorithm&locations=970bf8c909a701c749f87bdcd4008607
,,,,,,
2025-07-15,13:18:11,ai,Job 1,AI Network System Architect,אדריכל מערכת רשת AI,https://nvidia.wd5.myworkdayjobs.com/en-US/NVIDIAExternalCareerSite/job/Israel-Yokneam/AI-Network-System-Architect_JR1987028-1?q=ai&locations=970bf8c909a701c749f87bdcd4008607
,,,,,,
2025-07-16,12:08:10,student,Job 1,Software Development Student,סטודנט לפיתוח תוכנה,https://nvidia.wd5.myworkdayjobs.com/en-US/NVIDIAExternalCareerSite/job/Israel-Yokneam/Software-Development-Student_JR1993572?q=student&locations=970bf8c909a701c749f87bdcd4008607
2025-07-16,12:08:12,student,Job 3,Thermal Engineer,מהנדס תרמי,https://nvidia.wd5.myworkdayjobs.com/en-US/NVIDIAExternalCareerSite/job/Israel-Yokneam/Thermal-Engineer_JR2000250?q=student&locations=970bf8c909a701c749f87bdcd4008607
,,,,,,
2025-07-16,12:08:21,intern,Job 2,Software Development Student,סטודנט לפיתוח תוכנה,https://nvidia.wd5.myworkdayjobs.com/en-US/NVIDIAExternalCareerSite/job/Israel-Yokneam/Software-Development-Student_JR1993572?q=intern&locations=970bf8c909a701c749f87bdcd4008607
,,,,,,
2025-07-16,17:52:28,data,Job 20,Senior Software Technical Program Manager,מנהל תוכנה טכני בכיר,https://nvidia.wd5.myworkdayjobs.com/en-US/NVIDIAExternalCareerSite/job/Israel-Yokneam/Senior-Software-Technical-Program-Manager_JR1997625-1?q=data&locations=970bf8c909a701c749f87bdcd4008607
,,,,,,
2025-07-16,22:27:02,data,Job 10,Senior NPI Traceability Engineer,מהנדס עקיבות בכיר ב- NPI,https://nvidia.wd5.myworkdayjobs.com/en-US/NVIDIAExternalCareerSite/job/Israel-Yokneam/Senior-NPI-Traceability-Engineer_JR2000278?q=data&locations=970bf8c909a701c749f87bdcd4008607
,,,,,,
2025-07-16,22:27:51,machine,Job 16,Senior NPI Traceability Engineer,מהנדס עקיבות בכיר ב- NPI,https://nvidia.wd5.myworkdayjobs.com/en-US/NVIDIAExternalCareerSite/job/Israel-Yokneam/Senior-NPI-Traceability-Engineer_JR2000278?q=machine&locations=970bf8c909a701c749f87bdcd4008607
,,,,,,
2025-07-16,22:28:31,analyst,Job 1,"Senior NPI Engineer, PCB","מהנדס NPI בכיר, PCB",https://nvidia.wd5.myworkdayjobs.com/en-US/NVIDIAExternalCareerSite/job/Israel-Yokneam/Senior-NPI-Engineer--PCB_JR1999859?q=analyst&locations=970bf8c909a701c749f87bdcd4008607
,,,,,,
2025-07-17,16:26:17,intern,Job 3,Senior Engineering Vendor Management,ניהול ספק הנדסה בכיר,https://nvidia.wd5.myworkdayjobs.com/en-US/NVIDIAExternalCareerSite/job/Israel-Yokneam/Senior-Engineering-Vendor-Management_JR2000090?q=intern&locations=970bf8c909a701c749f87bdcd4008607
,,,,,,
2025-07-17,16:26:39,data,Job 12,Senior Hardware Program Manager,מנהל תכנית חומרה בכיר,https://nvidia.wd5.myworkdayjobs.com/en-US/NVIDIAExternalCareerSite/job/Israel-Yokneam/Senior-Hardware-Program-Manager_JR1996732?q=data&locations=970bf8c909a701c749f87bdcd4008607
2025-07-17,16:26:41,data,Job 13,Senior Engineering Vendor Management,ניהול ספק הנדסה בכיר,https://nvidia.wd5.myworkdayjobs.com/en-US/NVIDIAExternalCareerSite/job/Israel-Yokneam/Senior-Engineering-Vendor-Management_JR2000090?q=data&locations=970bf8c909a701c749f87bdcd4008607
,,,,,,
2025-07-17,16:27:03,ai,Job 18,"Senior Software Architect, Cyber Security","אדריכל תוכנה בכיר, אבטחת סייבר",https://nvidia.wd5.myworkdayjobs.com/en-US/NVIDIAExternalCareerSite/job/Israel-Raanana/Senior-Software-Architect--Cyber-Security_JR2000395?q=ai&locations=970bf8c909a701c749f87bdcd4008607
,,,,,,
2025-07-17,16:27:22,deep,Job 11,"Senior Software Engineer, DOCA SW","מהנדס תוכנה בכיר, DOCA SW",https://nvidia.wd5.myworkdayjobs.com/en-US/NVIDIAExternalCareerSite/job/Israel-Tel-Aviv/Senior-Software-Engineer--DOCA-SW_JR2000085?q=deep&locations=970bf8c909a701c749f87bdcd4008607
2025-07-17,16:27:27,deep,Job 18,"Senior Software Engineer, DOCA","מהנדס תוכנה בכיר, DOCA",https://nvidia.wd5.myworkdayjobs.com/en-US/NVIDIAExternalCareerSite/job/Israel-Yokneam/Senior-Software-Engineer--DOCA_JR2000097?q=deep&locations=970bf8c909a701c749f87bdcd4008607
,,,,,,
2025-07-17,16:27:41,machine,Job 5,Senior Electro-Mechanical Technician,טכנאי אלקטרו-מכני בכיר,https://nvidia.wd5.myworkdayjobs.com/en-US/NVIDIAExternalCareerSite/job/Israel-Yokneam/Senior-Electro-Mechanical-Technician_JR1998120?q=machine&locations=970bf8c909a701c749f87bdcd4008607
2025-07-17,16:27:46,machine,Job 9,Signal Integrity Lab Engineer,מהנדס מעבדה של יושרה,https://nvidia.wd5.myworkdayjobs.com/en-US/NVIDIAExternalCareerSite/job/Israel-Yokneam/Signal-Integrity-Lab-Engineer_JR1999850?q=machine&locations=970bf8c909a701c749f87bdcd4008607
2025-07-17,16:27:46,machine,Job 11,Senior Hardware Program Manager,מנהל תכנית חומרה בכיר,https://nvidia.wd5.myworkdayjobs.com/en-US/NVIDIAExternalCareerSite/job/Israel-Yokneam/Senior-Hardware-Program-Manager_JR1996732?q=machine&locations=970bf8c909a701c749f87bdcd4008607
,,,,,,
2025-07-17,16:28:39,analyst,Job 14,"Senior Software Engineer, DOCA SW","מהנדס תוכנה בכיר, DOCA SW",https://nvidia.wd5.myworkdayjobs.com/en-US/NVIDIAExternalCareerSite/job/Israel-Tel-Aviv/Senior-Software-Engineer--DOCA-SW_JR2000085?q=analyst&locations=970bf8c909a701c749f87bdcd4008607
,,,,,,
2025-07-20,19:29:18,python,Job 20,Senior VLSI Integration Engineer,מהנדס שילוב VLSI בכיר,https://nvidia.wd5.myworkdayjobs.com/en-US/NVIDIAExternalCareerSite/job/Israel-Tel-Aviv/Senior-VLSI-Integration-Engineer_JR1989467?q=python&locations=970bf8c909a701c749f87bdcd4008607
,,,,,,
2025-07-21,00:31:05,intern,Job 5,"Field Operations Specialist, Professional Services - NVIS","מומחה לתפעול שדה, שירותים מקצועיים - NVIS",https://nvidia.wd5.myworkdayjobs.com/en-US/NVIDIAExternalCareerSite/job/Israel-Yokneam/Field-Operations-Specialist--Professional-Services---NVIS_JR2000460-1?q=intern&locations=970bf8c909a701c749f87bdcd4008607
,,,,,,
2025-07-21,00:31:26,data,Job 12,"Senior Software Engineer, AI-Driven Performance Engineering","מהנדס תוכנה בכיר, הנדסת ביצועים מונעת AI",https://nvidia.wd5.myworkdayjobs.com/en-US/NVIDIAExternalCareerSite/job/Israel-Yokneam/Senior-Software-Engineer--AI-Driven-Performance-Engineering_JR2000092?q=data&locations=970bf8c909a701c749f87bdcd4008607
,,,,,,
2025-07-21,00:31:49,ai,Job 12,"Senior Software Engineer, AI-Driven Performance Engineering","מהנדס תוכנה בכיר, הנדסת ביצועים מונעת AI",https://nvidia.wd5.myworkdayjobs.com/en-US/NVIDIAExternalCareerSite/job/Israel-Yokneam/Senior-Software-Engineer--AI-Driven-Performance-Engineering_JR2000092?q=ai&locations=970bf8c909a701c749f87bdcd4008607
,,,,,,
2025-07-21,00:32:59,python,Job 14,QA and Automation Engineer,QA ומהנדס אוטומציה,https://nvidia.wd5.myworkdayjobs.com/en-US/NVIDIAExternalCareerSite/job/Israel-Raanana/QA-and-Automation-Engineer_JR2000298?q=python&locations=970bf8c909a701c749f87bdcd4008607
2025-07-21,00:33:00,python,Job 17,"Senior Software Engineer, AI-Driven Performance Engineering","מהנדס תוכנה בכיר, הנדסת ביצועים מונעת AI",https://nvidia.wd5.myworkdayjobs.com/en-US/NVIDIAExternalCareerSite/job/Israel-Yokneam/Senior-Software-Engineer--AI-Driven-Performance-Engineering_JR2000092?q=python&locations=970bf8c909a701c749f87bdcd4008607
,,,,,,
2025-07-21,00:33:13,analyst,Job 1,Product Management and Configuration Change Analyst,ניהול מוצרים ותצורה שינוי אנליסט,https://nvidia.wd5.myworkdayjobs.com/en-US/NVIDIAExternalCareerSite/job/Israel-Yokneam/Product-Management-and-Configuration-Change-Analyst_JR2000399?q=analyst&locations=970bf8c909a701c749f87bdcd4008607
,,,,,,
2025-07-21,19:58:17,student,Job 1,QA Infrastructure Automation Student,סטודנט לאוטומציה לתשתית QA,https://nvidia.wd5.myworkdayjobs.com/en-US/NVIDIAExternalCareerSite/job/Israel-Yokneam/QA-Infrastructure-Automation-Student_JR1998759?q=student&locations=970bf8c909a701c749f87bdcd4008607
,,,,,,
2025-07-21,19:58:30,intern,Job 2,QA Infrastructure Automation Student,סטודנט לאוטומציה לתשתית QA,https://nvidia.wd5.myworkdayjobs.com/en-US/NVIDIAExternalCareerSite/job/Israel-Yokneam/QA-Infrastructure-Automation-Student_JR1998759?q=intern&locations=970bf8c909a701c749f87bdcd4008607
2025-07-21,19:58:37,intern,Job 17,Verification Software Engineer - Networking,מהנדס תוכנת אימות - רשת,https://nvidia.wd5.myworkdayjobs.com/en-US/NVIDIAExternalCareerSite/job/Israel-Yokneam/Verification-Software-Engineer---Networking_JR2000344?q=intern&locations=970bf8c909a701c749f87bdcd4008607
,,,,,,
2025-07-21,19:58:48,data,Job 1,Data Analysis Expert,מומחה לניתוח נתונים,https://nvidia.wd5.myworkdayjobs.com/en-US/NVIDIAExternalCareerSite/job/Israel-Yokneam/Data-Analysis-Expert_JR2000323?q=data&locations=970bf8c909a701c749f87bdcd4008607
,,,,,,
2025-07-21,19:59:12,ai,Job 20,"Senior Integration Manager, DOCA","מנהל אינטגרציה בכיר, DOCA",https://nvidia.wd5.myworkdayjobs.com/en-US/NVIDIAExternalCareerSite/job/Israel-Yokneam/Senior-Integration-Manager--DOCA_JR1999182?q=ai&locations=970bf8c909a701c749f87bdcd4008607
,,,,,,
2025-07-21,19:59:55,junior,Job 5,Principal High Speed E2E Validation Engineer,מהנדס אימות E2E במהירות גבוהה,https://nvidia.wd5.myworkdayjobs.com/en-US/NVIDIAExternalCareerSite/job/Israel-Yokneam/Principal-High-Speed-E2E-Validation-Engineer_JR2000456?q=junior&locations=970bf8c909a701c749f87bdcd4008607
,,,,,,
2025-07-21,20:00:07,python,Job 4,QA Virtualization Engineer,מהנדס וירטואליזציה של QA,https://nvidia.wd5.myworkdayjobs.com/en-US/NVIDIAExternalCareerSite/job/Israel-Yokneam/QA-Virtualization-Engineer_JR2000271-1?q=python&locations=970bf8c909a701c749f87bdcd4008607
2025-07-21,20:00:10,python,Job 11,"Software QA Engineer, Networking","מהנדס QA תוכנה, רשת",https://nvidia.wd5.myworkdayjobs.com/en-US/NVIDIAExternalCareerSite/job/Israel-Yokneam/Software-QA-Engineer--Networking_JR2000242-1?q=python&locations=970bf8c909a701c749f87bdcd4008607
,,,,,,
2025-07-21,20:01:02,algorithm,Job 5,Firmware Design Engineer,מהנדס עיצוב קושחה,https://nvidia.wd5.myworkdayjobs.com/en-US/NVIDIAExternalCareerSite/job/Israel-Tel-Aviv/Firmware-Design-Engineer_JR2000286?q=algorithm&locations=970bf8c909a701c749f87bdcd4008607
,,,,,,
2025-07-22,14:02:32,data,Job 7,Senior Product Manager – Datacenter Networking OS & Simulation,מנהל מוצר בכיר - מערכת הפעלה והדמיה של מרכזי נתונים,https://nvidia.wd5.myworkdayjobs.com/en-US/NVIDIAExternalCareerSite/job/Israel-Raanana/Senior-Product-Manager---Datacenter-Networking-OS---Simulation_JR2000687-1?q=data&locations=970bf8c909a701c749f87bdcd4008607
,,,,,,
2025-07-22,14:03:01,ai,Job 20,Senior High-Performance System Architect,אדריכל מערכות בכיר בעל ביצועים גבוהים,https://nvidia.wd5.myworkdayjobs.com/en-US/NVIDIAExternalCareerSite/job/Israel-Tel-Aviv/Senior-High-Performance-System-Architect_JR2000465?q=ai&locations=970bf8c909a701c749f87bdcd4008607
,,,,,,
2025-07-22,14:03:17,deep,Job 12,Senior Product Manager – Datacenter Networking OS & Simulation,מנהל מוצר בכיר - מערכת הפעלה והדמיה של מרכזי נתונים,https://nvidia.wd5.myworkdayjobs.com/en-US/NVIDIAExternalCareerSite/job/Israel-Raanana/Senior-Product-Manager---Datacenter-Networking-OS---Simulation_JR2000687-1?q=deep&locations=970bf8c909a701c749f87bdcd4008607
,,,,,,
2025-07-22,14:04:56,algorithm,Job 5,Senior High-Performance System Architect,אדריכל מערכות בכיר בעל ביצועים גבוהים,https://nvidia.wd5.myworkdayjobs.com/en-US/NVIDIAExternalCareerSite/job/Israel-Tel-Aviv/Senior-High-Performance-System-Architect_JR2000465?q=algorithm&locations=970bf8c909a701c749f87bdcd4008607
,,,,,,
2025-07-23,12:35:43,intern,Job 12,Senior Project Manager,מנהל פרויקטים בכיר,https://nvidia.wd5.myworkdayjobs.com/en-US/NVIDIAExternalCareerSite/job/Israel-Yokneam/Senior-Project-Manager_JR1998108?q=intern&locations=970bf8c909a701c749f87bdcd4008607
,,,,,,
2025-07-23,12:36:13,data,Job 16,"Senior Solution Architect, Networking Solutions Labs","אדריכל פתרונות בכירים, מעבדות פתרונות רשת",https://nvidia.wd5.myworkdayjobs.com/en-US/NVIDIAExternalCareerSite/job/Israel-Yokneam/Senior-Solution-Architect--Networking-Solutions-Labs_JR2000398?q=data&locations=970bf8c909a701c749f87bdcd4008607
,,,,,,
2025-07-23,12:36:42,ai,Job 17,"Senior Software Engineer, Performance Engineering Tools","מהנדס תוכנה בכיר, כלי הנדסת ביצועים",https://nvidia.wd5.myworkdayjobs.com/en-US/NVIDIAExternalCareerSite/job/Israel-Yokneam/Senior-Software-Engineer--Performance-Engineering-Tools_JR2000647?q=ai&locations=970bf8c909a701c749f87bdcd4008607
,,,,,,
2025-07-23,12:38:28,python,Job 18,"Senior Software Engineer, Performance Engineering Tools","מהנדס תוכנה בכיר, כלי הנדסת ביצועים",https://nvidia.wd5.myworkdayjobs.com/en-US/NVIDIAExternalCareerSite/job/Israel-Yokneam/Senior-Software-Engineer--Performance-Engineering-Tools_JR2000647?q=python&locations=970bf8c909a701c749f87bdcd4008607
,,,,,,
